22.3964,114.1095,Vietnamese
22.3964,114.1095,Style Code
22.3964,114.1095,Chelsea
22.3964,114.1095,Mourinho
22.3964,114.1095,United
22.3964,114.1095,Martial
22.3964,114.1095,Jose
22.3964,114.1095,Real Madrid
22.3964,114.1095,Ross Barkley
22.3964,114.1095,Stamford Bridge
22.3964,114.1095,Hazard
22.3964,114.1095,Morata
22.3964,114.1095,Pogba
22.3964,114.1095,Sarri
22.3964,114.1095,Mike Dean
22.3964,114.1095,Mata
22.3964,114.1095,Lukaku
22.3964,114.1095,Man Utd
22.3964,114.1095,Levante
22.3964,114.1095,De Gea
22.3964,114.1095,David Luiz
22.3964,114.1095,Giroud
22.3964,114.1095,Ashley Young
22.3964,114.1095,Tom Rinaldi
22.3964,114.1095,Marco Ianni
22.3964,114.1095,Rudiger
22.3964,114.1095,Lopetegui
22.3964,114.1095,Alonso
22.3964,114.1095,Matic
22.3964,114.1095,Willian
22.3964,114.1095,TEAM NEWS
22.3964,114.1095,Rashford
22.3964,114.1095,Veere Di Wedding
22.3964,114.1095,Sands Of Mali
13.7563,100.5018,iPhone XR
13.7563,100.5018,Kiss and Make Up
51.5074,-0.1278,Mourinho
51.5074,-0.1278,Martial
51.5074,-0.1278,United
51.5074,-0.1278,Ross Barkley
51.5074,-0.1278,Pogba
51.5074,-0.1278,TEAM NEWS
51.5074,-0.1278,Hazard
51.5074,-0.1278,Real Madrid
51.5074,-0.1278,Morata
51.5074,-0.1278,Sands Of Mali
51.5074,-0.1278,Lukaku
51.5074,-0.1278,Mike Dean
51.5074,-0.1278,Alonso
51.5074,-0.1278,Ashley Young
51.5074,-0.1278,Rudiger
51.5074,-0.1278,Bobby Reid
51.5074,-0.1278,Giroud
51.5074,-0.1278,Murray
51.5074,-0.1278,Souness
51.5074,-0.1278,Luiz
51.5074,-0.1278,Aguero
51.5074,-0.1278,Willian
51.5074,-0.1278,De Gea
51.5074,-0.1278,Man U
51.5074,-0.1278,Castres
51.5074,-0.1278,Lopetegui
51.5074,-0.1278,Barclays
51.5074,-0.1278,Starting XI
51.5074,-0.1278,alexis
51.5074,-0.1278,Etihad
51.5074,-0.1278,Kovacic
51.5074,-0.1278,Luke Cage
51.5074,-0.1278,Walker
1.3521,103.8198,Jose Mourinho
1.3521,103.8198,japan
1.3521,103.8198,beijing
1.3521,103.8198,s hera seoul fashion week
1.3521,103.8198,2019 S
48.8566,2.3522,Lopetegui
48.8566,2.3522,rashford
48.8566,2.3522,Rudiger
48.8566,2.3522,morata
48.8566,2.3522,Barkley
48.8566,2.3522,Sarri
48.8566,2.3522,Paco Alcacer
48.8566,2.3522,De Gea
48.8566,2.3522,mata
48.8566,2.3522,Dortmund
48.8566,2.3522,Exeter
48.8566,2.3522,Man U
48.8566,2.3522,Varane
48.8566,2.3522,Stamford Bridge
48.8566,2.3522,Lukaku
48.8566,2.3522,Ramos
48.8566,2.3522,David Luiz
48.8566,2.3522,Perez
48.8566,2.3522,Worlds
48.8566,2.3522,Lorient
48.8566,2.3522,Premier League
48.8566,2.3522,Willian
48.8566,2.3522,Stalingrad
48.8566,2.3522,Luke Cage
48.8566,2.3522,Média
48.8566,2.3522,Bale
48.8566,2.3522,Bundesliga
48.8566,2.3522,RMC Sport
48.8566,2.3522,Perquisitions LFI
48.8566,2.3522,Guingamp
22.1987,113.5439,Vietnamese
22.1987,113.5439,Style Code
22.1987,113.5439,Chelsea
22.1987,113.5439,Mourinho
22.1987,113.5439,United
22.1987,113.5439,Martial
22.1987,113.5439,Jose
22.1987,113.5439,Real Madrid
22.1987,113.5439,Ross Barkley
22.1987,113.5439,Stamford Bridge
22.1987,113.5439,Hazard
22.1987,113.5439,Morata
22.1987,113.5439,Pogba
22.1987,113.5439,Sarri
22.1987,113.5439,Mike Dean
22.1987,113.5439,Mata
22.1987,113.5439,Lukaku
22.1987,113.5439,Man Utd
22.1987,113.5439,Levante
22.1987,113.5439,De Gea
22.1987,113.5439,David Luiz
22.1987,113.5439,Giroud
22.1987,113.5439,Ashley Young
22.1987,113.5439,Tom Rinaldi
22.1987,113.5439,Marco Ianni
22.1987,113.5439,Rudiger
22.1987,113.5439,Lopetegui
22.1987,113.5439,Alonso
22.1987,113.5439,Matic
22.1987,113.5439,Willian
22.1987,113.5439,TEAM NEWS
22.1987,113.5439,Rashford
22.1987,113.5439,Veere Di Wedding
22.1987,113.5439,Sands Of Mali
25.2048,55.2708,Jamal Khashoggi
25.2048,55.2708,Istanbul
25.2048,55.2708,iranian
41.0082,28.9784,Real Madrid
41.0082,28.9784,Betpapelden BankoKupon
41.0082,28.9784,Mourinho
41.0082,28.9784,Tercihimiz Betpas
41.0082,28.9784,Hilbetten OzelKupon
41.0082,28.9784,EnGuveniliri RestBet
41.0082,28.9784,Good Curry
41.0082,28.9784,Mbaye Diagne
41.0082,28.9784,Van Gölü'nde
41.0082,28.9784,ljajic
41.0082,28.9784,Tarkan Serbest
41.0082,28.9784,ManU
41.0082,28.9784,Adriano
41.0082,28.9784,Canan Karatay
41.0082,28.9784,Cumartesi Anneleri
41.0082,28.9784,Benzia
41.0082,28.9784,Mustafa Denizli
41.0082,28.9784,Akhisarspor
41.0082,28.9784,AK Parti Sözcüsü Ömer Çelik
41.0082,28.9784,Sivasspor - Fenerbahçe
41.0082,28.9784,Schalke 04
41.0082,28.9784,Afyon Belediyespor
41.0082,28.9784,Kayserispor
41.0082,28.9784,Gratis'e
40.7127837,-74.0059413,Halloween
40.7127837,-74.0059413,Chelsea
40.7127837,-74.0059413,Real Madrid
40.7127837,-74.0059413,Tom Rinaldi
40.7127837,-74.0059413,Jose
40.7127837,-74.0059413,United
40.7127837,-74.0059413,David Luiz
40.7127837,-74.0059413,Levante
40.7127837,-74.0059413,Hazard
40.7127837,-74.0059413,Lukaku
40.7127837,-74.0059413,Mata
40.7127837,-74.0059413,Sweetest Day
40.7127837,-74.0059413,De Gea
40.7127837,-74.0059413,Rashford
40.7127837,-74.0059413,Lee Corso
40.7127837,-74.0059413,Ashley Young
40.7127837,-74.0059413,Giroud
40.7127837,-74.0059413,Bernabéu
40.7127837,-74.0059413,Sarri
40.7127837,-74.0059413,RACE DAY
40.7127837,-74.0059413,IT'S GAME DAY
40.7127837,-74.0059413,Clásico
3.139,101.6869,Chelsea
3.139,101.6869,Malaysians
3.139,101.6869,jamal khashoggi
3.139,101.6869,Dr M
3.139,101.6869,Indonesia
3.139,101.6869,islam
3.139,101.6869,UMNO
3.139,101.6869,Sabah
3.139,101.6869,istanbul
3.139,101.6869,Cyberjaya
3.139,101.6869,MY GO
3.139,101.6869,May Allah
3.139,101.6869,MACC
3.139,101.6869,johor
22.5431,114.0579,Vietnamese
22.5431,114.0579,Style Code
22.5431,114.0579,Chelsea
22.5431,114.0579,Mourinho
22.5431,114.0579,United
22.5431,114.0579,Martial
22.5431,114.0579,Jose
22.5431,114.0579,Real Madrid
22.5431,114.0579,Ross Barkley
22.5431,114.0579,Stamford Bridge
22.5431,114.0579,Hazard
22.5431,114.0579,Morata
22.5431,114.0579,Pogba
22.5431,114.0579,Sarri
22.5431,114.0579,Mike Dean
22.5431,114.0579,Mata
22.5431,114.0579,Lukaku
22.5431,114.0579,Man Utd
22.5431,114.0579,Levante
22.5431,114.0579,De Gea
22.5431,114.0579,David Luiz
22.5431,114.0579,Giroud
22.5431,114.0579,Ashley Young
22.5431,114.0579,Tom Rinaldi
22.5431,114.0579,Marco Ianni
22.5431,114.0579,Rudiger
22.5431,114.0579,Lopetegui
22.5431,114.0579,Alonso
22.5431,114.0579,Matic
22.5431,114.0579,Willian
22.5431,114.0579,TEAM NEWS
22.5431,114.0579,Rashford
22.5431,114.0579,Veere Di Wedding
22.5431,114.0579,Sands Of Mali
36.8969,30.7133,Betpapelden BankoKupon
36.8969,30.7133,Real Madrid
36.8969,30.7133,Mourinho
36.8969,30.7133,Tercihimiz Betpas
36.8969,30.7133,Hilbetten OzelKupon
36.8969,30.7133,EnGuveniliri RestBet
36.8969,30.7133,Good Curry
36.8969,30.7133,Mbaye Diagne
36.8969,30.7133,Van Gölü'nde
36.8969,30.7133,ljajic
36.8969,30.7133,Tarkan Serbest
36.8969,30.7133,ManU
36.8969,30.7133,Adriano
36.8969,30.7133,Canan Karatay
36.8969,30.7133,Alpay Özalan
36.8969,30.7133,Cumartesi Anneleri
36.8969,30.7133,Benzia
36.8969,30.7133,Mustafa Denizli
36.8969,30.7133,Akhisarspor
36.8969,30.7133,AK Parti Sözcüsü Ömer Çelik
36.8969,30.7133,Sivasspor - Fenerbahçe
36.8969,30.7133,Schalke 04
36.8969,30.7133,Afyon Belediyespor
36.8969,30.7133,Kayserispor
41.9028,12.4964,Lucchetta
41.9028,12.4964,Sylla
41.9028,12.4964,FORZA RAGAZZE
25.033,121.5654,Flamingo
25.033,121.5654,pickem
7.9519,98.3381,Chelsea
7.9519,98.3381,Malaysians
7.9519,98.3381,jamal khashoggi
7.9519,98.3381,Dr M
7.9519,98.3381,Indonesia
7.9519,98.3381,islam
7.9519,98.3381,UMNO
7.9519,98.3381,Sabah
7.9519,98.3381,istanbul
7.9519,98.3381,Cyberjaya
7.9519,98.3381,MY GO
7.9519,98.3381,May Allah
7.9519,98.3381,MACC
7.9519,98.3381,johor
35.6895,139.6917,Flamingo
35.6895,139.6917,pickem
23.1291,113.2644,Vietnamese
23.1291,113.2644,Style Code
23.1291,113.2644,Chelsea
23.1291,113.2644,Mourinho
23.1291,113.2644,United
23.1291,113.2644,Martial
23.1291,113.2644,Jose
23.1291,113.2644,Real Madrid
23.1291,113.2644,Ross Barkley
23.1291,113.2644,Stamford Bridge
23.1291,113.2644,Hazard
23.1291,113.2644,Morata
23.1291,113.2644,Pogba
23.1291,113.2644,Sarri
23.1291,113.2644,Mike Dean
23.1291,113.2644,Mata
23.1291,113.2644,Lukaku
23.1291,113.2644,Man Utd
23.1291,113.2644,Levante
23.1291,113.2644,De Gea
23.1291,113.2644,David Luiz
23.1291,113.2644,Giroud
23.1291,113.2644,Ashley Young
23.1291,113.2644,Tom Rinaldi
23.1291,113.2644,Marco Ianni
23.1291,113.2644,Rudiger
23.1291,113.2644,Lopetegui
23.1291,113.2644,Alonso
23.1291,113.2644,Matic
23.1291,113.2644,Willian
23.1291,113.2644,TEAM NEWS
23.1291,113.2644,Rashford
23.1291,113.2644,Veere Di Wedding
23.1291,113.2644,Sands Of Mali
25.7617,-80.1918,Chelsea
25.7617,-80.1918,Real Madrid
25.7617,-80.1918,Tom Rinaldi
25.7617,-80.1918,Jose
25.7617,-80.1918,United
25.7617,-80.1918,David Luiz
25.7617,-80.1918,Levante
25.7617,-80.1918,Hazard
25.7617,-80.1918,Lukaku
25.7617,-80.1918,Mata
25.7617,-80.1918,Sweetest Day
25.7617,-80.1918,De Gea
25.7617,-80.1918,Rashford
25.7617,-80.1918,Lee Corso
25.7617,-80.1918,Ashley Young
25.7617,-80.1918,Giroud
25.7617,-80.1918,Bernabéu
25.7617,-80.1918,Sarri
25.7617,-80.1918,RACE DAY
25.7617,-80.1918,IT'S GAME DAY
25.7617,-80.1918,Clásico
12.9236,100.8825,iPhone XR
12.9236,100.8825,Kiss and Make Up
50.0755,14.4378,Dortmund
50.0755,14.4378,Wolfsburg
50.0755,14.4378,Pfosten
50.0755,14.4378,dreck
45.4642,9.19,Lucchetta
45.4642,9.19,Sylla
45.4642,9.19,FORZA RAGAZZE
